CPU,1.0.7-GCC,1.0.7-Clang,2.0.3-GCC,2.0.3-Clang,3.1.5-GCC,3.1.5-Clang,4.0.2-GCC,4.0.2-Clang
generic,,X,,X,,X,,X
generic-rv32,,X,,X,,X,,X
generic-rv64,,X,,X,,X,,X
mips-p8700,,,,,,,,X
rocket,,X,,X,,X,,X
rocket-rv32,,X,,X,,X,,X
rocket-rv64,,X,,X,,X,,X
rp2350-hazard3,,,,,,,,X
sifive-6-series,,X,,X,,X,,X
sifive-7m-series,,X,,X,,X,,X
sifive-7n-series,,X,,X,,X,,X
sifive-7o-series,,X,,X,,X,,X
sifive-7-series,,X,,X,,X,,X
sifive-8-series,,X,,X,,X,,
sifive-cheetah,,,,,X,X,X,X
sifive-e20,X,X,X,X,X,X,X,X
sifive-e20r,X,X,X,X,X,X,X,X
sifive-e21,X,X,X,X,X,X,X,X
sifive-e21r,X,X,X,X,X,X,X,X
sifive-e24,X,X,X,X,X,X,X,X
sifive-e24r,X,X,X,X,X,X,X,X
sifive-e31,X,X,X,X,X,X,X,X
sifive-e34,X,X,X,X,X,X,X,X
sifive-e61,X,X,X,X,X,X,X,X
sifive-e61r,X,X,X,X,X,X,X,X
sifive-e76,X,X,X,X,X,X,X,X
sifive-e76m,X,X,X,X,X,X,X,X
sifive-e76n,X,X,X,X,X,X,X,X
sifive-e76r,X,X,X,X,X,X,X,X
sifive-leopard,,,,,X,X,X,X
sifive-lion,,,,,X,X,X,X
sifive-p260t,X,,X,X,,X,,
sifive-p270,X,X,X,X,X,X,X,X
sifive-p270n,X,X,X,X,X,X,X,X
sifive-p400-series,,X,,X,,X,,X
sifive-p450,X,X,X,X,X,X,X,X
sifive-p470,X,X,X,X,X,X,X,X
sifive-p470s,,,,X,,,,
sifive-p500-series,,X,,X,,X,,X
sifive-p550,X,X,X,X,X,X,X,X
sifive-p600-series,,X,,X,,X,,X
sifive-p650,X,X,X,X,X,X,X,X
sifive-p670,X,X,X,X,X,X,X,X
sifive-p670s,,,,X,,,,
sifive-p870s,,,,X,,,,
sifive-s21,X,X,X,X,X,X,X,X
sifive-s21r,X,X,X,X,X,X,X,X
sifive-s51,X,X,X,X,X,X,X,X
sifive-s54,X,X,X,X,X,X,X,X
sifive-s61,X,X,X,X,X,X,X,X
sifive-s61r,X,X,X,X,X,X,X,X
sifive-s76,X,X,X,X,X,X,X,X
sifive-s76m,X,X,X,X,X,X,X,X
sifive-s76n,X,X,X,X,X,X,X,X
sifive-s76r,X,X,X,X,X,X,X,X
sifive-tiger,,,,,X,,,
sifive-u54,X,X,X,X,X,X,X,X
sifive-u64,X,X,X,X,X,X,X,X
sifive-u64r,X,X,X,X,X,X,X,X
sifive-u74,X,X,X,X,X,X,X,X
sifive-u74m,X,X,X,X,X,X,X,X
sifive-u74n,X,X,X,X,X,X,X,X
sifive-u74r,X,X,X,X,X,X,X,X
sifive-x160,,,,,,,X,X
sifive-x280,X,X,X,X,X,X,X,X
sifive-x280n,X,X,X,X,X,X,X,X
sifive-x280o,X,X,X,X,X,X,X,X
sifive-x390,X,,X,X,X,X,X,X
sifive-x390-fast-fp64,,,,,,X,,X
sifive-x392-ea-dualvalu,,,X,X,,,,
sifive-x392-ea-singlevalu,,,X,X,,,,
spacemit-x60,,,,,,,,X
syntacore-scr1-base,,X,,X,,X,,X
syntacore-scr1-max,,X,,X,,X,,X
syntacore-scr3-rv32,,,,,,,,X
syntacore-scr3-rv64,,,,,,,,X
syntacore-scr4-rv32,,,,,,,,X
syntacore-scr4-rv64,,,,,,,,X
syntacore-scr5-rv32,,,,,,,,X
syntacore-scr5-rv64,,,,,,,,X
syntacore-scr7,,,,,,,,X
thead-c906,X,,X,,X,,X,
tt-ascalon-d8,,,,,,,,X
veyron-v1,,,,X,,X,,X
xiangshan-nanhu,,,,X,,X,X,X
