CPU,3.1.5-GCC,3.1.5-Clang,4.0.5-GCC,4.0.5-Clang,4.0.6-GCC,4.0.6-Clang,4.1.0-GCC,4.1.0-Clang,4.2.0-GCC,4.2.0-Clang
generic,,X,,X,,X,,X,,X
generic-rv32,,X,,X,,X,,X,,X
generic-rv64,,X,,X,,X,,X,,X
mips-p8700,,,,X,,X,,X,,X
rocket,,X,,X,,X,,X,,X
rocket-rv32,,X,,X,,X,,X,,X
rocket-rv64,,X,,X,,X,,X,,X
rp2350-hazard3,,,,X,,X,,X,,X
sifive-6-series,,X,,X,,X,,X,,X
sifive-7m-series,,X,,X,,X,,X,,X
sifive-7n-series,,X,,X,,X,,X,,X
sifive-7o-series,,X,,X,,X,,X,,X
sifive-7-series,,X,,X,,X,,X,,X
sifive-8-series,,X,,,,,,,,
sifive-cheetah,X,X,X,X,X,X,X,X,X,X
sifive-e20,X,X,X,X,X,X,X,X,X,X
sifive-e20r,X,X,X,X,X,X,X,X,X,X
sifive-e21,X,X,X,X,X,X,X,X,X,X
sifive-e21r,X,X,X,X,X,X,X,X,X,X
sifive-e24,X,X,X,X,X,X,X,X,X,X
sifive-e24r,X,X,X,X,X,X,X,X,X,X
sifive-e31,X,X,X,X,X,X,X,X,X,X
sifive-e34,X,X,X,X,X,X,X,X,X,X
sifive-e61,X,X,X,X,X,X,X,X,X,X
sifive-e61r,X,X,X,X,X,X,X,X,X,X
sifive-e76,X,X,X,X,X,X,X,X,X,X
sifive-e76m,X,X,X,X,X,X,X,X,X,X
sifive-e76n,X,X,X,X,X,X,X,X,X,X
sifive-e76r,X,X,X,X,X,X,X,X,X,X
sifive-leopard,X,X,X,X,X,X,X,X,X,X
sifive-lion,X,X,X,X,X,X,X,X,X,X
sifive-p260t,,X,,,,,,,,
sifive-p270,X,X,X,X,X,X,X,X,X,X
sifive-p270n,X,X,X,X,X,X,X,X,X,X
sifive-p400-series,,X,,X,,X,,X,,X
sifive-p450,X,X,X,X,X,X,X,X,X,X
sifive-p470,X,X,X,X,X,X,X,X,X,X
sifive-p500-series,,X,,X,,X,,X,,X
sifive-p550,X,X,X,X,X,X,X,X,X,X
sifive-p600-series,,X,,X,,X,,X,,X
sifive-p650,X,X,X,X,X,X,X,X,X,X
sifive-p670,X,X,X,X,X,X,X,X,X,X
sifive-s21,X,X,X,X,X,X,X,X,X,X
sifive-s21r,X,X,X,X,X,X,X,X,X,X
sifive-s51,X,X,X,X,X,X,X,X,X,X
sifive-s54,X,X,X,X,X,X,X,X,X,X
sifive-s61,X,X,X,X,X,X,X,X,X,X
sifive-s61r,X,X,X,X,X,X,X,X,X,X
sifive-s76,X,X,X,X,X,X,X,X,X,X
sifive-s76m,X,X,X,X,X,X,X,X,X,X
sifive-s76n,X,X,X,X,X,X,X,X,X,X
sifive-s76r,X,X,X,X,X,X,X,X,X,X
sifive-tiger,X,,,,,,,,,
sifive-u54,X,X,X,X,X,X,X,X,X,X
sifive-u64,X,X,X,X,X,X,X,X,X,X
sifive-u64r,X,X,X,X,X,X,X,X,X,X
sifive-u74,X,X,X,X,X,X,X,X,X,X
sifive-u74m,X,X,X,X,X,X,X,X,X,X
sifive-u74n,X,X,X,X,X,X,X,X,X,X
sifive-u74r,X,X,X,X,X,X,X,X,X,X
sifive-x160,,,X,X,X,X,X,X,X,X
sifive-x180,,,X,X,X,X,X,X,X,X
sifive-x280,X,X,X,X,X,X,X,X,X,X
sifive-x280-gen2-dual-valu,,,,,,,,,,X
sifive-x280-gen2-full-fp64,,,,,,,,,,X
sifive-x280-gen2-single-fp64,,,,,,,,,,X
sifive-x280n,X,X,X,X,X,X,X,X,X,X
sifive-x280o,X,X,X,X,X,X,X,X,X,X
sifive-x390,X,X,X,X,X,X,X,X,X,X
sifive-x390-fast-fp64,,X,,X,,X,,X,,X
sifive-x390-gen2,,,,,,,,X,X,X
sifive-x390-gen2-full-fp64,,,,,,,,X,,X
spacemit-x60,,,,X,,X,,X,,X
syntacore-scr1-base,,X,,X,,X,,X,,X
syntacore-scr1-max,,X,,X,,X,,X,,X
syntacore-scr3-rv32,,,,X,,X,,X,,X
syntacore-scr3-rv64,,,,X,,X,,X,,X
syntacore-scr4-rv32,,,,X,,X,,X,,X
syntacore-scr4-rv64,,,,X,,X,,X,,X
syntacore-scr5-rv32,,,,X,,X,,X,,X
syntacore-scr5-rv64,,,,X,,X,,X,,X
syntacore-scr7,,,,X,,X,,X,,X
thead-c906,X,,X,,X,,X,,X,
tt-ascalon-d8,,,,X,,X,,X,,X
veyron-v1,,X,,X,,X,,X,,X
xiangshan-nanhu,,X,X,X,X,X,X,X,X,X
